{
    "name": "gigglebot",
    "version": "1.2.1",
    "dependencies": {
        "core": "*",
        "gigglesensors": "github:dexterind/pxt-gigglesensors#v0.1"
    },
    "description": "GiggleBot is a microbit rover by Dexter Industries, it offers a total of 9 neopixels, 2 line sensors, 2 light sensors, and 2 servos",
    "files": [
        "gigglebot.ts",
        "_locales/gigglebot-jsdoc-strings.json",
        "_locales/gigglebot-strings.json",
        "_locales/fr/gigglebot-jsdoc-strings.json",
        "_locales/fr/gigglebot-strings.json",
        "README.md"
    ],
    "installedVersion": ""
}
